fov,x_global_px,y_global_px
2,494.444444444444,-160233.333333333
3,5966.66666666667,-160233.333333333
